Workbook

Sheet Preiskalkulation
B1: Beschreibung | C1: Wert
B2: Materialeinzelkosten | C2: =Berrechnung!C13 -> 6
A3: + | B3: Materialgemeinkosten | C3: =Berrechnung!C14 -> 2.22
A4: = | B4: Materialkosten | C4: =Berrechnung!C15 -> 8.22
A5: + | B5: Lohneinzelkosten | C5: =Berrechnung!C17 -> 1139.7436
A6: + | B6: Lohngemeinkosten | C6: =Berrechnung!C18 -> 1447.4744
A7: = | B7: Herstellungskosten | C7: =Berrechnung!C20 -> 2595.4379
A8: + | B8: Verwaltungs- und Vertriebsgemeinkosten | C8: =Berrechnung!C21 -> 1479.3996
A9: = | B9: Selbstkosten | C9: =Berrechnung!C22 -> 4074.8376
A10: + | B10: Gewinn | C10: =Berrechnung!C24 -> 1222.4513
A11: = | B11: Nettowert (bar) | C11: =Berrechnung!C25 -> 5297.2889
A12: + | B12: Zinsenaufschlag (Skonto) | C12: =Berrechnung!C26 -> 163.83368
A13: = | B13: Nettowert (Ziel) | C13: =Berrechnung!C27 -> 5461.1225
A14: + | B14: Umsatzsteuer | C14: =Berrechnung!C28 -> 1092.2245
A15: = | B15: Zielverkaufspreis | C15: =Berrechnung!C29 -> 6553.347

Sheet Berrechnung
A1: Stundenlohn & Rechenweg | B1: Br.Wert | C1: Ergebnis
A2: Monatsgehalt KV IT, ST1-Einstiegsstufe (2025) | C2: 3175
A3: Gehälter pro Jahr (inkl. 13./14.) | C3: 14
A4: Wochenarbeitszeit (h) | C4: 38.5
A5: Wochen pro Jahr | C5: 52
A7: Jahresgehalt | C7: =C2*C3 -> 44450
A8: Jahresarbeitszeit (h) | C8: =C4*C5 -> 2002
A9: Stundenlohn brutto (€/h) | C9: =C7/C8 -> 22.202797
A11: Arbeitszeit gesamt (h) - (3080 min) | C11: =3080/60 -> 51.333333
A13: Materialeinzelkosten | C13: 6
A14: Materialgemeinkosten | B14: 0.37 | C14: =C13*B14 -> 2.22
A15: Materialkosten | C15: =C13+C14 -> 8.22
A17: Lohneinzelkosten (= Arbeitszeit × Stundenlohn) | C17: =C11*C9 -> 1139.7436
A18: Lohngemeinkosten | B18: 1.27 | C18: =C17*B18 -> 1447.4744
A20: Herstellungskosten | C20: =C15+C17+C18 -> 2595.4379
A21: Verwaltungs- und Vertriebsgemeinkosten | B21: 0.57 | C21: =C20*B21 -> 1479.3996
A22: Selbstkosten | C22: =C20+C21 -> 4074.8376
A24: Gewinn | B24: 0.3 | C24: =C22*B24 -> 1222.4513 | E24: >>> Hier wurde an den Schrauben gedreht um weitere Gewinnszenarien zu generieren.
A25: Nettowert (bar) | C25: =C22+C24 -> 5297.2889
A26: Zinsenaufschlag (Skonto) | B26: 0.03 | C26: =C25/(1-B26)-C25 -> 163.83368 | E26: >>> Hier wurde an den Schrauben gedreht um weitere Gewinnszenarien zu generieren.
A27: Nettowert (Ziel) | C27: =C25+C26 -> 5461.1225
A28: Umsatzsteuer | B28: 0.2 | C28: =C27*B28 -> 1092.2245
A29: Zielverkaufspreis | C29: =C27+C28 -> 6553.347
